<configuration xmlns="urn:jboss:messaging"
	       xmlns:xsi="http://www.w3.org/2001/XMLSchema-instance"
	       xsi:schemaLocation="urn:jboss:messaging /schema/jbm-jms.xsd">
	
	<connection-factory name="ConnectionFactory">
		<connector-ref connector-name="netty"/>
		<entries>
			<entry name="ConnectionFactory"/>
			<entry name="XAConnectionFactory"/>
			<entry name="java:/ConnectionFactory"/>
			<entry name="java:/XAConnectionFactory"/>
		</entries>
	</connection-factory>
	
	<queue name="DLQ">
		<entry name="/queue/DLQ"/>
	</queue>
	<queue name="ExpiryQueue">
		<entry name="/queue/ExpiryQueue"/>
	</queue>   
	<queue name="ExampleQueue">
		<entry name="/queue/ExampleQueue"/>
	</queue>
	<topic name="ExampleTopic">
		<entry name="/topic/ExampleTopic"/>
	</topic>
	
</configuration>