<?xml version="1.0" encoding="UTF-8"?>

<deployment xmlns="urn:jboss:bean-deployer:2.0">

   <bean name="Naming" class="org.jnp.server.NamingBeanImpl"/>

   <!-- JNDI server. Disable this if you don't want JNDI -->
   <bean name="JNDIServer" class="org.jnp.server.Main">
      <property name="namingInfo">
         <inject bean="Naming"/>
      </property>
      <property name="port">1099</property>
      <property name="bindAddress">localhost</property>
      <property name="rmiPort">1098</property>
      <property name="rmiBindAddress">localhost</property>
   </bean>
   
   <!-- MBean server -->
   <bean name="MBeanServer" class="javax.management.MBeanServer">
      <constructor factoryClass="java.lang.management.ManagementFactory"
                   factoryMethod="getPlatformMBeanServer"/>
   </bean> 

   <!-- The core configuration -->
   <bean name="Configuration" class="org.jboss.messaging.core.config.impl.FileConfiguration">
   </bean>

	<!-- The security manager -->
   <bean name="JBMSecurityManager" class="org.jboss.messaging.core.security.impl.JBMSecurityManagerImpl">
      <start ignored="true"/>
      <stop ignored="true"/>
   </bean>

	<!-- The core server -->
   <bean name="MessagingServer" class="org.jboss.messaging.core.server.impl.MessagingServerImpl">
      <start ignored="true"/>
      <stop ignored="true"/>  
      <constructor>
         <parameter>
            <inject bean="Configuration"/>
         </parameter>
         <parameter>
            <inject bean="MBeanServer"/>
         </parameter>
         <parameter>
            <inject bean="JBMSecurityManager"/>
         </parameter>        
      </constructor>         
   </bean>
   
   <!-- The JMS server -->
   <bean name="JMSServerManager" class="org.jboss.messaging.jms.server.impl.JMSServerManagerImpl">
      <constructor>         
         <parameter>
            <inject bean="MessagingServer"/>
         </parameter>         
      </constructor>
   </bean>

</deployment>