<configuration xmlns="urn:jboss:messaging"
            xmlns:xsi="http://www.w3.org/2001/XMLSchema-instance"
            xsi:schemaLocation="urn:jboss:messaging /schema/jbm-jms.xsd">

   <connection-factory name="ConnectionFactory">
      <connector-ref connector-name="netty"/>
      <entries>
         <entry name="ConnectionFactory"/>
         <entry name="XAConnectionFactory"/>
      </entries>
   </connection-factory>

   <connection-factory name="ClusteredConnectionFactory">
      <connector-ref connector-name="netty" backup-connector-name="netty-backup"/>
      <entries>
         <entry name="/ClusteredConnectionFactory"/>
         <entry name="/ClusteredXAConnectionFactory"/>
         <entry name="java:/ClusteredConnectionFactory"/>
         <entry name="java:/ClusteredXAConnectionFactory"/>
      </entries>
   </connection-factory>

   <queue name="DLQ">
      <entry name="/queue/DLQ"/>
   </queue>
   <queue name="ExpiryQueue">
      <entry name="/queue/ExpiryQueue"/>
   </queue>

</configuration>